rule_1.1.2.2, 
rule_1.1.2.3,  
rule_1.1.2.4,  
rule_1.2.1, 
rule_1.2.2, 
rule_1.3.1, 
rule_1.3.2, 
rule_1.4.1, 
rule_1.4.2, 
rule_1.5.4, 
rule_1.9, 
rule_2.1.3.1, 
rule_2.1.3.2, 
rule_2.1.4.1, 
rule_2.1.4.2, 
rule_2.1.4.3, 
rule_2.1.4.4, 
rule_2.2.9, 
rule_2.3.4, 
rule_2.3.5, 
rule_2.4, 
rule_3.5.1.6, 
rule_3.5.2.1, 
rule_3.5.2.2, 
rule_3.5.2.3, 
rule_3.5.2.4, 
rule_3.5.2.5, 
rule_3.5.2.6, 
rule_3.5.2.7, 
rule_3.5.2.8, 
rule_3.5.2.9, 
rule_3.5.2.10, 
rule_3.5.3.3.4,  
rule_5.2.4, 
rule_6.1.9, 
rule_6.1.10, 
rule_6.1.11, 
rule_6.1.12, 
rule_6.1.13,  
rule_1.8.1